{"centroid":[67.11739709573688,36.70719087182492]}
{"centroid":[67.11952272924259,36.70595999123016]}
{"centroid":[67.11930840593294,36.706630162232194]}
{"centroid":[67.11949022858448,36.7062525014605]}
{"centroid":[67.11940897047258,36.70643520523247]}
{"centroid":[67.11958025078667,36.706461974509395]}
{"centroid":[67.11922825303587,36.70639819401125]}
{"centroid":[67.11914020086392,36.70652922541334]}
{"centroid":[67.11910268671348,36.70664671844513]}
{"centroid":[67.11953296275325,36.70664629554333]}
{"centroid":[67.11928780893491,36.70627812917015]}
{"centroid":[67.11933885363246,36.706153498990716]}
{"centroid":[67.11963224434054,36.70627438165057]}
{"centroid":[67.11940915410999,36.706060637852374]}
{"centroid":[67.11972233901108,36.705863542348396]}
{"centroid":[67.1196010562866,36.70582829299443]}
{"centroid":[67.11970888340281,36.70604871355167]}
{"centroid":[67.1180551903442,36.70694562671395]}
{"centroid":[67.11755507010925,36.706310033942266]}
{"centroid":[67.11778359183673,36.7063208232159]}
{"centroid":[67.11761500299502,36.706188424834856]}
{"centroid":[67.11839765866114,36.70658525449116]}
{"centroid":[67.11817559198185,36.7065278212515]}
{"centroid":[67.11819416165258,36.70669299992054]}
{"centroid":[67.11835278471258,36.70674138449207]}
{"centroid":[67.11847973011848,36.70677041360732]}
{"centroid":[67.1180642858055,36.70669895782665]}
{"centroid":[67.11771021362398,36.70700781195266]}
{"centroid":[67.1177449421741,36.7065968245107]}
{"centroid":[67.11744884522054,36.70641199679214]}
{"centroid":[67.1173933904016,36.7064996160306]}
{"centroid":[67.1176558599077,36.70718669663272]}
{"centroid":[67.11751900464297,36.70678650892224]}
{"centroid":[67.11723906499131,36.706554324552116]}
{"centroid":[67.11702311978894,36.70675879092223]}
{"centroid":[67.11710336916613,36.706658365075]}
{"centroid":[67.11734524947413,36.706683415643845]}
{"centroid":[67.11727307020755,36.70680750712119]}
{"centroid":[67.11693035654564,36.70694220694438]}
{"centroid":[67.11683539511615,36.707085578358004]}
{"centroid":[67.11693321788542,36.707131836608426]}
{"centroid":[67.11681108002082,36.707154988121076]}
{"centroid":[67.11712556287995,36.70695976562462]}
{"centroid":[67.1174567731612,36.70700195815484]}
{"centroid":[67.11732166811034,36.70704517292068]}
{"centroid":[67.11718647768615,36.70707440787896]}
{"centroid":[67.11724257988307,36.70717269607784]}
{"centroid":[67.11843444125134,36.70690820769889]}
{"centroid":[67.11828803444801,36.7069902664301]}
{"centroid":[67.11832390328908,36.706874440690946]}
{"centroid":[67.11841316250141,36.707037374046486]}
{"centroid":[67.11824595569392,36.70720367166309]}
{"centroid":[67.11791359250262,36.70723770868108]}
{"centroid":[67.11423000566893,36.70549467856049]}
{"centroid":[67.11519357832525,36.70581137062923]}
{"centroid":[67.11500572314459,36.70605572213911]}
{"centroid":[67.11567413949787,36.70590721265088]}
{"centroid":[67.11531171607687,36.70639742259166]}
{"centroid":[67.11549573821807,36.70643279375825]}
{"centroid":[67.1155355038263,36.70634356183665]}
{"centroid":[67.11536080839326,36.70629652711567]}
{"centroid":[67.11495320988223,36.706339689509186]}
{"centroid":[67.11531034894068,36.70614567548798]}
{"centroid":[67.11514834636145,36.70608532658362]}
{"centroid":[67.11538143437599,36.706053041629964]}
{"centroid":[67.11562392140449,36.706107093301476]}
{"centroid":[67.11513144574876,36.706351071613994]}
{"centroid":[67.11497962907738,36.706238830647926]}
{"centroid":[67.1155533780185,36.70623200129189]}
{"centroid":[67.11551377498355,36.706082816312104]}
{"centroid":[67.11407242513219,36.70621105610338]}
{"centroid":[67.11474135520935,36.70630134057985]}
{"centroid":[67.11460094326304,36.70627394463012]}
{"centroid":[67.11476295791131,36.70620987126685]}
{"centroid":[67.11464944316411,36.70615131947162]}
{"centroid":[67.11444712080345,36.70618730291646]}
{"centroid":[67.11434094343493,36.70611989552027]}
{"centroid":[67.11403819158274,36.70606581113321]}
{"centroid":[67.11423197493362,36.706036761330225]}
{"centroid":[67.11407615717442,36.7059666616937]}
{"centroid":[67.11421514218917,36.7058733110902]}
{"centroid":[67.11419522318242,36.70569017130149]}
{"centroid":[67.11473548630838,36.70599991507602]}
{"centroid":[67.11449597946893,36.70591457841425]}
{"centroid":[67.11444224257636,36.705726833849944]}
{"centroid":[67.11475056885362,36.70551409058341]}
{"centroid":[67.11498326130562,36.705407257365415]}
{"centroid":[67.114871784823,36.70529248345641]}
{"centroid":[67.11472671964546,36.705281132137095]}
{"centroid":[67.11468332759065,36.70537014473387]}
{"centroid":[67.11462274070423,36.70546393416426]}
{"centroid":[67.11433187370538,36.70512609412144]}
{"centroid":[67.114521923618,36.70516736865861]}
{"centroid":[67.114369660776,36.70496117541834]}
{"centroid":[67.11448427248995,36.705589431145725]}
{"centroid":[67.11438340635442,36.70534337119278]}
{"centroid":[67.11493995692246,36.705585672590615]}
{"centroid":[67.11493072683452,36.70568963595409]}
{"centroid":[67.11488323442288,36.70580078196969]}
{"centroid":[67.11471867390814,36.70577303569442]}
{"centroid":[67.11470617298869,36.70565398396418]}
{"centroid":[67.11465262035155,36.70577827649786]}
{"centroid":[67.1145802658638,36.70498755909083]}
{"centroid":[67.11475151926528,36.70502708664192]}
{"centroid":[67.11491605174346,36.705056978465876]}
{"centroid":[67.11500721392109,36.705083195656385]}
{"centroid":[67.11543556582416,36.70511971565029]}
{"centroid":[67.11518628505645,36.70506961023253]}
{"centroid":[67.11567398231918,36.70529264931029]}
{"centroid":[67.11535016096863,36.70533916538525]}
{"centroid":[67.11521365982108,36.70543838831085]}
{"centroid":[67.11519109403713,36.70519448586755]}
{"centroid":[67.11518575044437,36.70533953937052]}
{"centroid":[67.1155481269313,36.705483676986745]}
{"centroid":[67.11575702766855,36.70559019429276]}
{"centroid":[67.11572866203895,36.705718274775556]}
{"centroid":[67.11519229567261,36.70551363108232]}
{"centroid":[67.11542227846213,36.70556421973836]}
{"centroid":[67.11545454371326,36.70580389186132]}
{"centroid":[67.11525324921102,36.705623631543]}
{"centroid":[67.11511254748909,36.705691020540606]}
{"centroid":[67.12703554560368,36.6633789926129]}
{"centroid":[67.12682819289577,36.663616193558035]}
{"centroid":[67.1274713107724,36.6634144472736]}
{"centroid":[67.12616226747264,36.66330692519948]}
{"centroid":[67.12563402854965,36.66326185618679]}
{"centroid":[67.12580932853713,36.66327653573223]}
{"centroid":[67.1268583227252,36.66336468382838]}
{"centroid":[67.12668156856513,36.663349196332334]}
{"centroid":[67.12598702047129,36.663292183190805]}
{"centroid":[67.12633549795211,36.66332162737651]}
{"centroid":[67.12648004840192,36.663587055486474]}
{"centroid":[67.12613279371702,36.663558151378474]}
{"centroid":[67.12560293059917,36.66351074460871]}
{"centroid":[67.12700523183987,36.66363037400309]}
{"centroid":[67.12717954836876,36.66364570040808]}
{"centroid":[67.1259583130021,36.6635421041991]}
{"centroid":[67.12630713409712,36.663572107686434]}
{"centroid":[67.12578027666777,36.66352707330263]}
{"centroid":[67.12744183195991,36.6636659515372]}
{"centroid":[67.11470005642549,36.70519307241652]}
{"centroid":[67.11476819210523,36.70578477276982]}
{"centroid":[67.11417538368102,36.706137337584735]}
{"centroid":[67.11531579356514,36.705509869954014]}
{"centroid":[67.11516638189502,36.7062550156166]}
{"centroid":[67.11758435887582,36.70650622845543]}
{"centroid":[67.11793936922852,36.706596717293586]}
{"centroid":[67.11727757671348,36.70689561295476]}
{"centroid":[67.11702425494097,36.70713332484535]}
{"centroid":[67.11709409567703,36.707142447009666]}
{"centroid":[67.11778089515606,36.70682753582042]}
{"centroid":[67.11779806686403,36.70720316378916]}
{"centroid":[67.11853233869932,36.706611933370965]}
{"centroid":[67.11963691969818,36.706045201938636]}
{"centroid":[67.1272099247369,36.663394942290694]}
{"centroid":[67.1265086064073,36.66333404740632]}
